Batch Size,Learning Rate,Test Error,Train Accuracy (%),Test Accuracy (%),Training Time (s),Epochs
1,0.1,0.0,100.0,100.0,51.62007713317871,200
256,0.1,0.0004103405826836326,100.0,99.95896594173163,2.218777894973755,200
1,adapt,0.018054985638079613,98.1185159134869,98.19450143619204,96.78313517570496,200
256,adapt,0.010258514567090704,99.54281695094073,98.97414854329092,2.6472625732421875,200
