Model,Test Error,Epochs,Training Time (s)
Linear Model,6.691293188818676e-06,6,0.003574848175048828
Linear Model Adaptive,4.167733144603837e-06,2,0.0009999275207519531
Batch Model,2.4750045671955403e-06,6,0.0031850337982177734
Batch Model Adaptive,8.359189284599466e-07,3,0.019982337951660156
