Model,Test Error,Epochs,Training Time (s)
Linear Model,2.3835177230482256e-06,7,0.00500035285949707
Linear Model Adaptive,2.7404312444407492e-06,2,0.0009992122650146484
Batch Model,2.7619730084398446e-06,6,0.0030002593994140625
Batch Model Adaptive,1.2166266370703964e-06,3,0.03118133544921875
